<application>
  <component name="CodeVisionSettings">
    <option name="codeVisionGroupToPosition">
      <map>
        <entry key="vcs.code.vision" value="Default" />
      </map>
    </option>
  </component>
  <component name="EditorSettings">
    <option name="USE_SOFT_WRAPS" value="MAIN_EDITOR" />
    <option name="SOFT_WRAP_FILE_MASKS" value="*.md; *.txt; *.rst; *.adoc" />
  </component>
  <component name="InlayHintsSettings">
    <option name="disabledLanguages">
      <set>
        <option value="ObjectiveC" />
      </set>
    </option>
  </component>
</application>